valuable,1
birds,1
much,2
your,4
Any,1
include,2
heart,1
generally,1
tears,1
could,2
say,1
against,1
edition,1
grubworm,1
subsequent,1
veritable,1
grow,1
them,1
embellished,1
would,1
tears,1
how,1
world,1
resulting,1
picking,1
eye,1
sung,1
ye,1
even,1
royalmast,1
Michael,1
Preliminary,1
text,1
mildly,1
devil,2
Tuileries,1
hie,1
this,5
lexicons,1
allusions,1
one,1
Raphael,1
whales,1
whale,1
thankless,1
longpampered,1
known,1
will,2
touching,1
glasses,1
dusting,1
mortality,1
F,1
Far,1
are,2
poordevilish,1
ithere,1
work,1
old,2
Therefore,1
what,1
is,1
on,1
as,3
igive,1
have,2
or,2
thee,1
see,1
these,2
thought,1
subsubs,1
burrower,1
SubSub,1
Would,1
feel,1
up,1
based,1
book,1
promiscuously,1
Leviathan,1
This,1
MobyDick,1
in,5
sometimes,1
usher,1
view,1
eyes,1
unsplinterable,1
must,3
grammar,1
find,1
world,1
data,2
pains,1
world,1
fancied,1
Hendricks,1
was,2
analysis,1
flags,1
sallow,1
loves,1
now,1
it,2
that,3
solely,1
publications,1
well,1
said,1
Eugene,1
him,2
so,1
our,1
gulp,1
before,1
case,1
higgledypiggledy,1
SubSub,1
belongest,1
Irey,1
and,17
but,2
aloft,1
,14
gospel,1
As,1
clear,1
the,16
who,1
hearts,1
splintered,1
be,2
he,1
authentic,1
Hampton,1
It,2
any,2
Usheirthreadbare,1
own,1
with,5
mockingly,1
profane,1
streetstalls,1
up,1
Court,1
gay,1
rosystrong,1
sevenstoried,1
heavens,1
Etymology,1
grammars,1
you,1
every,1
late,1
grammars,1
appears,1
whatever,1
upon,1
For,1
making,1
at,2
Ireys,1
appearing,1
But,1
reference,1
The,1
commentator,1
please,1
subsublibrarian,1
here,1
affording,1
including,1
handkerchief,1
loved,1
Extracts,1
through,1
poor,2
too,1
clearing,1
refugees,1
ever,3
mere,1
ancient,1
been,1
Pale,1
unpleasant,1
strike,2
from,2
seen,1
random,1
hopeless,1
many,1
out,2
down,1
hearts,1
Melvilles,1
least,1
take,2
authors,1
shall,2
together,1
body,1
however,1
empty,1
anyways,1
So,1
painstaking,1
gone,2
not,1
it,1
by,6
He,2
dust,1
somehow,1
which,1
whom,2
bluntly,1
friends,1
his,3
sit,1
notice,1
nations,2
reminded,1
poets,1
pale,1
whatsoever,1
too,1
has,1
ye,4
Here,1
House,1
University,1
to,10
Vaticans,1
extracts,1
entertaining,1
well,1
whose,1
of,15
Supplied,1
sacred,1
for,5
convivial,1
no,1
wine,1
not,1
prepared,1
Professor,2
consumptive,1
earth,1
queer,1
long,1
extracts,1
generations,1
glancing,1
Thou,1
coming,1
sadness,1
Gabriel,1
a,8
school,1
all,2
statements,1
altogether,1
Matter,1
copies,1
supplied,1
tribe,1
Colorado,1
fare,1
warm,1
full,1
am,1
Sherry,1
more,2
go,1
coat,1
brain,1
I,3
cetology,1
